time, total_mem, dirty, cache, used_mem
0.000000, 268000.000000, 0.000000, 0.000000, 0.000000
43.010753, 268000.000000, 0.000000, 20000.000000, 40000.000000
71.010753, 268000.000000, 0.000000, 20000.000000, 40000.000000
71.043011, 268000.000000, 100.000000, 20100.000000, 40100.000000
71.075269, 268000.000000, 200.000000, 20200.000000, 40200.000000
71.107527, 268000.000000, 300.000000, 20300.000000, 40300.000000
71.139785, 268000.000000, 400.000000, 20400.000000, 40400.000000
71.172043, 268000.000000, 500.000000, 20500.000000, 40500.000000
71.204301, 268000.000000, 600.000000, 20600.000000, 40600.000000
71.236559, 268000.000000, 700.000000, 20700.000000, 40700.000000
71.268817, 268000.000000, 800.000000, 20800.000000, 40800.000000
71.301075, 268000.000000, 900.000000, 20900.000000, 40900.000000
71.333333, 268000.000000, 1000.000000, 21000.000000, 41000.000000
71.365591, 268000.000000, 1100.000000, 21100.000000, 41100.000000
71.397849, 268000.000000, 1200.000000, 21200.000000, 41200.000000
71.430108, 268000.000000, 1300.000000, 21300.000000, 41300.000000
71.462366, 268000.000000, 1400.000000, 21400.000000, 41400.000000
71.494624, 268000.000000, 1500.000000, 21500.000000, 41500.000000
71.526882, 268000.000000, 1600.000000, 21600.000000, 41600.000000
71.559140, 268000.000000, 1700.000000, 21700.000000, 41700.000000
71.591398, 268000.000000, 1800.000000, 21800.000000, 41800.000000
71.623656, 268000.000000, 1900.000000, 21900.000000, 41900.000000
71.655914, 268000.000000, 2000.000000, 22000.000000, 42000.000000
71.688172, 268000.000000, 2100.000000, 22100.000000, 42100.000000
71.720430, 268000.000000, 2200.000000, 22200.000000, 42200.000000
71.752688, 268000.000000, 2300.000000, 22300.000000, 42300.000000
71.784946, 268000.000000, 2400.000000, 22400.000000, 42400.000000
71.817204, 268000.000000, 2500.000000, 22500.000000, 42500.000000
71.849462, 268000.000000, 2600.000000, 22600.000000, 42600.000000
71.881720, 268000.000000, 2700.000000, 22700.000000, 42700.000000
71.913978, 268000.000000, 2800.000000, 22800.000000, 42800.000000
71.946237, 268000.000000, 2900.000000, 22900.000000, 42900.000000
71.978495, 268000.000000, 3000.000000, 23000.000000, 43000.000000
72.010753, 268000.000000, 3100.000000, 23100.000000, 43100.000000
72.043011, 268000.000000, 3200.000000, 23200.000000, 43200.000000
72.075269, 268000.000000, 3300.000000, 23300.000000, 43300.000000
72.107527, 268000.000000, 3400.000000, 23400.000000, 43400.000000
72.139785, 268000.000000, 3500.000000, 23500.000000, 43500.000000
72.172043, 268000.000000, 3600.000000, 23600.000000, 43600.000000
72.204301, 268000.000000, 3700.000000, 23700.000000, 43700.000000
72.236559, 268000.000000, 3800.000000, 23800.000000, 43800.000000
72.268817, 268000.000000, 3900.000000, 23900.000000, 43900.000000
72.301075, 268000.000000, 4000.000000, 24000.000000, 44000.000000
72.333333, 268000.000000, 4100.000000, 24100.000000, 44100.000000
72.365591, 268000.000000, 4200.000000, 24200.000000, 44200.000000
72.397849, 268000.000000, 4300.000000, 24300.000000, 44300.000000
72.430108, 268000.000000, 4400.000000, 24400.000000, 44400.000000
72.462366, 268000.000000, 4500.000000, 24500.000000, 44500.000000
72.494624, 268000.000000, 4600.000000, 24600.000000, 44600.000000
72.526882, 268000.000000, 4700.000000, 24700.000000, 44700.000000
72.559140, 268000.000000, 4800.000000, 24800.000000, 44800.000000
72.591398, 268000.000000, 4900.000000, 24900.000000, 44900.000000
72.623656, 268000.000000, 5000.000000, 25000.000000, 45000.000000
72.655914, 268000.000000, 5100.000000, 25100.000000, 45100.000000
72.688172, 268000.000000, 5200.000000, 25200.000000, 45200.000000
72.720430, 268000.000000, 5300.000000, 25300.000000, 45300.000000
72.752688, 268000.000000, 5400.000000, 25400.000000, 45400.000000
72.784946, 268000.000000, 5500.000000, 25500.000000, 45500.000000
72.817204, 268000.000000, 5600.000000, 25600.000000, 45600.000000
72.849462, 268000.000000, 5700.000000, 25700.000000, 45700.000000
72.881720, 268000.000000, 5800.000000, 25800.000000, 45800.000000
72.913978, 268000.000000, 5900.000000, 25900.000000, 45900.000000
72.946237, 268000.000000, 6000.000000, 26000.000000, 46000.000000
72.978495, 268000.000000, 6100.000000, 26100.000000, 46100.000000
73.010753, 268000.000000, 6200.000000, 26200.000000, 46200.000000
73.043011, 268000.000000, 6300.000000, 26300.000000, 46300.000000
73.075269, 268000.000000, 6400.000000, 26400.000000, 46400.000000
73.107527, 268000.000000, 6500.000000, 26500.000000, 46500.000000
73.139785, 268000.000000, 6600.000000, 26600.000000, 46600.000000
73.172043, 268000.000000, 6700.000000, 26700.000000, 46700.000000
73.204301, 268000.000000, 6800.000000, 26800.000000, 46800.000000
73.236559, 268000.000000, 6900.000000, 26900.000000, 46900.000000
73.268817, 268000.000000, 7000.000000, 27000.000000, 47000.000000
73.301075, 268000.000000, 7100.000000, 27100.000000, 47100.000000
73.333333, 268000.000000, 7200.000000, 27200.000000, 47200.000000
73.365591, 268000.000000, 7300.000000, 27300.000000, 47300.000000
73.397849, 268000.000000, 7400.000000, 27400.000000, 47400.000000
73.430108, 268000.000000, 7500.000000, 27500.000000, 47500.000000
73.462366, 268000.000000, 7600.000000, 27600.000000, 47600.000000
73.494624, 268000.000000, 7700.000000, 27700.000000, 47700.000000
73.526882, 268000.000000, 7800.000000, 27800.000000, 47800.000000
73.559140, 268000.000000, 7900.000000, 27900.000000, 47900.000000
73.591398, 268000.000000, 8000.000000, 28000.000000, 48000.000000
73.623656, 268000.000000, 8100.000000, 28100.000000, 48100.000000
73.655914, 268000.000000, 8200.000000, 28200.000000, 48200.000000
73.688172, 268000.000000, 8300.000000, 28300.000000, 48300.000000
73.720430, 268000.000000, 8400.000000, 28400.000000, 48400.000000
73.752688, 268000.000000, 8500.000000, 28500.000000, 48500.000000
73.784946, 268000.000000, 8600.000000, 28600.000000, 48600.000000
73.817204, 268000.000000, 8700.000000, 28700.000000, 48700.000000
73.849462, 268000.000000, 8800.000000, 28800.000000, 48800.000000
73.881720, 268000.000000, 8900.000000, 28900.000000, 48900.000000
73.913978, 268000.000000, 9000.000000, 29000.000000, 49000.000000
73.946237, 268000.000000, 9100.000000, 29100.000000, 49100.000000
73.978495, 268000.000000, 9200.000000, 29200.000000, 49200.000000
74.010753, 268000.000000, 9300.000000, 29300.000000, 49300.000000
74.043011, 268000.000000, 9400.000000, 29400.000000, 49400.000000
74.075269, 268000.000000, 9500.000000, 29500.000000, 49500.000000
74.107527, 268000.000000, 9600.000000, 29600.000000, 49600.000000
74.139785, 268000.000000, 9700.000000, 29700.000000, 49700.000000
74.172043, 268000.000000, 9800.000000, 29800.000000, 49800.000000
74.204301, 268000.000000, 9900.000000, 29900.000000, 49900.000000
74.236559, 268000.000000, 10000.000000, 30000.000000, 50000.000000
74.268817, 268000.000000, 10100.000000, 30100.000000, 50100.000000
74.301075, 268000.000000, 10200.000000, 30200.000000, 50200.000000
74.333333, 268000.000000, 10300.000000, 30300.000000, 50300.000000
74.365591, 268000.000000, 10400.000000, 30400.000000, 50400.000000
74.397849, 268000.000000, 10500.000000, 30500.000000, 50500.000000
74.430108, 268000.000000, 10600.000000, 30600.000000, 50600.000000
74.462366, 268000.000000, 10700.000000, 30700.000000, 50700.000000
74.494624, 268000.000000, 10800.000000, 30800.000000, 50800.000000
74.526882, 268000.000000, 10900.000000, 30900.000000, 50900.000000
74.559140, 268000.000000, 11000.000000, 31000.000000, 51000.000000
74.591398, 268000.000000, 11100.000000, 31100.000000, 51100.000000
74.623656, 268000.000000, 11200.000000, 31200.000000, 51200.000000
74.655914, 268000.000000, 11300.000000, 31300.000000, 51300.000000
74.688172, 268000.000000, 11400.000000, 31400.000000, 51400.000000
74.720430, 268000.000000, 11500.000000, 31500.000000, 51500.000000
74.752688, 268000.000000, 11600.000000, 31600.000000, 51600.000000
74.784946, 268000.000000, 11700.000000, 31700.000000, 51700.000000
74.817204, 268000.000000, 11800.000000, 31800.000000, 51800.000000
74.849462, 268000.000000, 11900.000000, 31900.000000, 51900.000000
74.881720, 268000.000000, 12000.000000, 32000.000000, 52000.000000
74.913978, 268000.000000, 12100.000000, 32100.000000, 52100.000000
74.946237, 268000.000000, 12200.000000, 32200.000000, 52200.000000
74.978495, 268000.000000, 12300.000000, 32300.000000, 52300.000000
75.010753, 268000.000000, 12400.000000, 32400.000000, 52400.000000
75.043011, 268000.000000, 12500.000000, 32500.000000, 52500.000000
75.075269, 268000.000000, 12600.000000, 32600.000000, 52600.000000
75.107527, 268000.000000, 12700.000000, 32700.000000, 52700.000000
75.139785, 268000.000000, 12800.000000, 32800.000000, 52800.000000
75.172043, 268000.000000, 12900.000000, 32900.000000, 52900.000000
75.204301, 268000.000000, 13000.000000, 33000.000000, 53000.000000
75.236559, 268000.000000, 13100.000000, 33100.000000, 53100.000000
75.268817, 268000.000000, 13200.000000, 33200.000000, 53200.000000
75.301075, 268000.000000, 13300.000000, 33300.000000, 53300.000000
75.333333, 268000.000000, 13400.000000, 33400.000000, 53400.000000
75.365591, 268000.000000, 13500.000000, 33500.000000, 53500.000000
75.397849, 268000.000000, 13600.000000, 33600.000000, 53600.000000
75.430108, 268000.000000, 13700.000000, 33700.000000, 53700.000000
75.462366, 268000.000000, 13800.000000, 33800.000000, 53800.000000
75.494624, 268000.000000, 13900.000000, 33900.000000, 53900.000000
75.526882, 268000.000000, 14000.000000, 34000.000000, 54000.000000
75.559140, 268000.000000, 14100.000000, 34100.000000, 54100.000000
75.591398, 268000.000000, 14200.000000, 34200.000000, 54200.000000
75.623656, 268000.000000, 14300.000000, 34300.000000, 54300.000000
75.655914, 268000.000000, 14400.000000, 34400.000000, 54400.000000
75.688172, 268000.000000, 14500.000000, 34500.000000, 54500.000000
75.720430, 268000.000000, 14600.000000, 34600.000000, 54600.000000
75.752688, 268000.000000, 14700.000000, 34700.000000, 54700.000000
75.784946, 268000.000000, 14800.000000, 34800.000000, 54800.000000
75.817204, 268000.000000, 14900.000000, 34900.000000, 54900.000000
75.849462, 268000.000000, 15000.000000, 35000.000000, 55000.000000
75.881720, 268000.000000, 15100.000000, 35100.000000, 55100.000000
75.913978, 268000.000000, 15200.000000, 35200.000000, 55200.000000
75.946237, 268000.000000, 15300.000000, 35300.000000, 55300.000000
75.978495, 268000.000000, 15400.000000, 35400.000000, 55400.000000
76.010753, 268000.000000, 15500.000000, 35500.000000, 55500.000000
76.043011, 268000.000000, 15600.000000, 35600.000000, 55600.000000
76.075269, 268000.000000, 15700.000000, 35700.000000, 55700.000000
76.107527, 268000.000000, 15800.000000, 35800.000000, 55800.000000
76.139785, 268000.000000, 15900.000000, 35900.000000, 55900.000000
76.172043, 268000.000000, 16000.000000, 36000.000000, 56000.000000
76.204301, 268000.000000, 16100.000000, 36100.000000, 56100.000000
76.236559, 268000.000000, 16200.000000, 36200.000000, 56200.000000
76.268817, 268000.000000, 16300.000000, 36300.000000, 56300.000000
76.301075, 268000.000000, 16400.000000, 36400.000000, 56400.000000
76.333333, 268000.000000, 16500.000000, 36500.000000, 56500.000000
76.365591, 268000.000000, 16600.000000, 36600.000000, 56600.000000
76.397849, 268000.000000, 16700.000000, 36700.000000, 56700.000000
76.430108, 268000.000000, 16800.000000, 36800.000000, 56800.000000
76.462366, 268000.000000, 16900.000000, 36900.000000, 56900.000000
76.494624, 268000.000000, 17000.000000, 37000.000000, 57000.000000
76.526882, 268000.000000, 17100.000000, 37100.000000, 57100.000000
76.559140, 268000.000000, 17200.000000, 37200.000000, 57200.000000
76.591398, 268000.000000, 17300.000000, 37300.000000, 57300.000000
76.623656, 268000.000000, 17400.000000, 37400.000000, 57400.000000
76.655914, 268000.000000, 17500.000000, 37500.000000, 57500.000000
76.688172, 268000.000000, 17600.000000, 37600.000000, 57600.000000
76.720430, 268000.000000, 17700.000000, 37700.000000, 57700.000000
76.752688, 268000.000000, 17800.000000, 37800.000000, 57800.000000
76.784946, 268000.000000, 17900.000000, 37900.000000, 57900.000000
76.817204, 268000.000000, 18000.000000, 38000.000000, 58000.000000
76.849462, 268000.000000, 18100.000000, 38100.000000, 58100.000000
76.881720, 268000.000000, 18200.000000, 38200.000000, 58200.000000
76.913978, 268000.000000, 18300.000000, 38300.000000, 58300.000000
76.946237, 268000.000000, 18400.000000, 38400.000000, 58400.000000
76.978495, 268000.000000, 18500.000000, 38500.000000, 58500.000000
77.010753, 268000.000000, 18600.000000, 38600.000000, 58600.000000
77.043011, 268000.000000, 18700.000000, 38700.000000, 58700.000000
77.075269, 268000.000000, 18800.000000, 38800.000000, 58800.000000
77.107527, 268000.000000, 18900.000000, 38900.000000, 58900.000000
77.139785, 268000.000000, 19000.000000, 39000.000000, 59000.000000
77.172043, 268000.000000, 19100.000000, 39100.000000, 59100.000000
77.204301, 268000.000000, 19200.000000, 39200.000000, 59200.000000
77.236559, 268000.000000, 19300.000000, 39300.000000, 59300.000000
77.268817, 268000.000000, 19400.000000, 39400.000000, 59400.000000
77.301075, 268000.000000, 19500.000000, 39500.000000, 59500.000000
77.333333, 268000.000000, 19600.000000, 39600.000000, 59600.000000
77.365591, 268000.000000, 19700.000000, 39700.000000, 59700.000000
77.397849, 268000.000000, 19800.000000, 39800.000000, 59800.000000
77.430108, 268000.000000, 19900.000000, 39900.000000, 59900.000000
77.462366, 268000.000000, 20000.000000, 40000.000000, 60000.000000
77.462366, 268000.000000, 20000.000000, 40000.000000, 40000.000000
83.913978, 268000.000000, 20000.000000, 40000.000000, 60000.000000
111.913978, 268000.000000, 16800.000000, 40000.000000, 60000.000000
111.946237, 268000.000000, 16900.000000, 40100.000000, 60100.000000
111.978495, 268000.000000, 17000.000000, 40200.000000, 60200.000000
112.010753, 268000.000000, 17100.000000, 40300.000000, 60300.000000
112.043011, 268000.000000, 17200.000000, 40400.000000, 60400.000000
112.075269, 268000.000000, 17300.000000, 40500.000000, 60500.000000
112.107527, 268000.000000, 17300.000000, 40600.000000, 60600.000000
112.139785, 268000.000000, 17400.000000, 40700.000000, 60700.000000
112.172043, 268000.000000, 17500.000000, 40800.000000, 60800.000000
112.204301, 268000.000000, 17600.000000, 40900.000000, 60900.000000
112.236559, 268000.000000, 17700.000000, 41000.000000, 61000.000000
112.268817, 268000.000000, 17800.000000, 41100.000000, 61100.000000
112.301075, 268000.000000, 17900.000000, 41200.000000, 61200.000000
112.333333, 268000.000000, 17900.000000, 41300.000000, 61300.000000
112.365591, 268000.000000, 18000.000000, 41400.000000, 61400.000000
112.397849, 268000.000000, 18100.000000, 41500.000000, 61500.000000
112.430108, 268000.000000, 18200.000000, 41600.000000, 61600.000000
112.462366, 268000.000000, 18300.000000, 41700.000000, 61700.000000
112.494624, 268000.000000, 18400.000000, 41800.000000, 61800.000000
112.526882, 268000.000000, 18400.000000, 41900.000000, 61900.000000
112.559140, 268000.000000, 18500.000000, 42000.000000, 62000.000000
112.591398, 268000.000000, 18600.000000, 42100.000000, 62100.000000
112.623656, 268000.000000, 18700.000000, 42200.000000, 62200.000000
112.655914, 268000.000000, 18800.000000, 42300.000000, 62300.000000
112.688172, 268000.000000, 18900.000000, 42400.000000, 62400.000000
112.720430, 268000.000000, 19000.000000, 42500.000000, 62500.000000
112.752688, 268000.000000, 19000.000000, 42600.000000, 62600.000000
112.784946, 268000.000000, 19100.000000, 42700.000000, 62700.000000
112.817204, 268000.000000, 19200.000000, 42800.000000, 62800.000000
112.849462, 268000.000000, 19300.000000, 42900.000000, 62900.000000
112.881720, 268000.000000, 19400.000000, 43000.000000, 63000.000000
112.913978, 268000.000000, 19500.000000, 43100.000000, 63100.000000
112.946237, 268000.000000, 19600.000000, 43200.000000, 63200.000000
112.978495, 268000.000000, 19600.000000, 43300.000000, 63300.000000
113.010753, 268000.000000, 19700.000000, 43400.000000, 63400.000000
113.043011, 268000.000000, 19800.000000, 43500.000000, 63500.000000
113.075269, 268000.000000, 19900.000000, 43600.000000, 63600.000000
113.107527, 268000.000000, 20000.000000, 43700.000000, 63700.000000
113.139785, 268000.000000, 20100.000000, 43800.000000, 63800.000000
113.172043, 268000.000000, 20100.000000, 43900.000000, 63900.000000
113.204301, 268000.000000, 20200.000000, 44000.000000, 64000.000000
113.236559, 268000.000000, 20300.000000, 44100.000000, 64100.000000
113.268817, 268000.000000, 20400.000000, 44200.000000, 64200.000000
113.301075, 268000.000000, 20500.000000, 44300.000000, 64300.000000
113.333333, 268000.000000, 20600.000000, 44400.000000, 64400.000000
113.365591, 268000.000000, 20700.000000, 44500.000000, 64500.000000
113.397849, 268000.000000, 20700.000000, 44600.000000, 64600.000000
113.430108, 268000.000000, 20800.000000, 44700.000000, 64700.000000
113.462366, 268000.000000, 20900.000000, 44800.000000, 64800.000000
113.494624, 268000.000000, 21000.000000, 44900.000000, 64900.000000
113.526882, 268000.000000, 21100.000000, 45000.000000, 65000.000000
113.559140, 268000.000000, 21200.000000, 45100.000000, 65100.000000
113.591398, 268000.000000, 21300.000000, 45200.000000, 65200.000000
113.623656, 268000.000000, 21300.000000, 45300.000000, 65300.000000
113.655914, 268000.000000, 21400.000000, 45400.000000, 65400.000000
113.688172, 268000.000000, 21500.000000, 45500.000000, 65500.000000
113.720430, 268000.000000, 21600.000000, 45600.000000, 65600.000000
113.752688, 268000.000000, 21700.000000, 45700.000000, 65700.000000
113.784946, 268000.000000, 21800.000000, 45800.000000, 65800.000000
113.817204, 268000.000000, 21800.000000, 45900.000000, 65900.000000
113.849462, 268000.000000, 21900.000000, 46000.000000, 66000.000000
113.881720, 268000.000000, 22000.000000, 46100.000000, 66100.000000
113.913978, 268000.000000, 22100.000000, 46200.000000, 66200.000000
113.946237, 268000.000000, 22200.000000, 46300.000000, 66300.000000
113.978495, 268000.000000, 22300.000000, 46400.000000, 66400.000000
114.010753, 268000.000000, 22400.000000, 46500.000000, 66500.000000
114.043011, 268000.000000, 22400.000000, 46600.000000, 66600.000000
114.075269, 268000.000000, 22500.000000, 46700.000000, 66700.000000
114.107527, 268000.000000, 22600.000000, 46800.000000, 66800.000000
114.139785, 268000.000000, 22700.000000, 46900.000000, 66900.000000
114.172043, 268000.000000, 22800.000000, 47000.000000, 67000.000000
114.204301, 268000.000000, 22900.000000, 47100.000000, 67100.000000
114.236559, 268000.000000, 23000.000000, 47200.000000, 67200.000000
114.268817, 268000.000000, 23000.000000, 47300.000000, 67300.000000
114.301075, 268000.000000, 23100.000000, 47400.000000, 67400.000000
114.333333, 268000.000000, 23200.000000, 47500.000000, 67500.000000
114.365591, 268000.000000, 23300.000000, 47600.000000, 67600.000000
114.397849, 268000.000000, 23400.000000, 47700.000000, 67700.000000
114.430108, 268000.000000, 23500.000000, 47800.000000, 67800.000000
114.462366, 268000.000000, 23500.000000, 47900.000000, 67900.000000
114.494624, 268000.000000, 23600.000000, 48000.000000, 68000.000000
114.526882, 268000.000000, 23700.000000, 48100.000000, 68100.000000
114.559140, 268000.000000, 23800.000000, 48200.000000, 68200.000000
114.591398, 268000.000000, 23900.000000, 48300.000000, 68300.000000
114.623656, 268000.000000, 24000.000000, 48400.000000, 68400.000000
114.655914, 268000.000000, 24100.000000, 48500.000000, 68500.000000
114.688172, 268000.000000, 24100.000000, 48600.000000, 68600.000000
114.720430, 268000.000000, 24200.000000, 48700.000000, 68700.000000
114.752688, 268000.000000, 24300.000000, 48800.000000, 68800.000000
114.784946, 268000.000000, 24400.000000, 48900.000000, 68900.000000
114.817204, 268000.000000, 24500.000000, 49000.000000, 69000.000000
114.849462, 268000.000000, 24600.000000, 49100.000000, 69100.000000
114.881720, 268000.000000, 24700.000000, 49200.000000, 69200.000000
114.913978, 268000.000000, 24700.000000, 49300.000000, 69300.000000
114.946237, 268000.000000, 24800.000000, 49400.000000, 69400.000000
114.978495, 268000.000000, 24900.000000, 49500.000000, 69500.000000
115.010753, 268000.000000, 25000.000000, 49600.000000, 69600.000000
115.043011, 268000.000000, 25100.000000, 49700.000000, 69700.000000
115.075269, 268000.000000, 25200.000000, 49800.000000, 69800.000000
115.107527, 268000.000000, 25200.000000, 49900.000000, 69900.000000
115.139785, 268000.000000, 25300.000000, 50000.000000, 70000.000000
115.172043, 268000.000000, 25400.000000, 50100.000000, 70100.000000
115.204301, 268000.000000, 25500.000000, 50200.000000, 70200.000000
115.236559, 268000.000000, 25600.000000, 50300.000000, 70300.000000
115.268817, 268000.000000, 25700.000000, 50400.000000, 70400.000000
115.301075, 268000.000000, 25800.000000, 50500.000000, 70500.000000
115.333333, 268000.000000, 25800.000000, 50600.000000, 70600.000000
115.365591, 268000.000000, 25900.000000, 50700.000000, 70700.000000
115.397849, 268000.000000, 26000.000000, 50800.000000, 70800.000000
115.430108, 268000.000000, 26100.000000, 50900.000000, 70900.000000
115.462366, 268000.000000, 26200.000000, 51000.000000, 71000.000000
115.494624, 268000.000000, 26300.000000, 51100.000000, 71100.000000
115.526882, 268000.000000, 26400.000000, 51200.000000, 71200.000000
115.559140, 268000.000000, 26400.000000, 51300.000000, 71300.000000
115.591398, 268000.000000, 26500.000000, 51400.000000, 71400.000000
115.623656, 268000.000000, 26600.000000, 51500.000000, 71500.000000
115.655914, 268000.000000, 26700.000000, 51600.000000, 71600.000000
115.688172, 268000.000000, 26800.000000, 51700.000000, 71700.000000
115.720430, 268000.000000, 26900.000000, 51800.000000, 71800.000000
115.752688, 268000.000000, 26900.000000, 51900.000000, 71900.000000
115.784946, 268000.000000, 27000.000000, 52000.000000, 72000.000000
115.817204, 268000.000000, 27100.000000, 52100.000000, 72100.000000
115.849462, 268000.000000, 27200.000000, 52200.000000, 72200.000000
115.881720, 268000.000000, 27300.000000, 52300.000000, 72300.000000
115.913978, 268000.000000, 27400.000000, 52400.000000, 72400.000000
115.946237, 268000.000000, 27500.000000, 52500.000000, 72500.000000
115.978495, 268000.000000, 27500.000000, 52600.000000, 72600.000000
116.010753, 268000.000000, 27600.000000, 52700.000000, 72700.000000
116.043011, 268000.000000, 27700.000000, 52800.000000, 72800.000000
116.075269, 268000.000000, 27800.000000, 52900.000000, 72900.000000
116.107527, 268000.000000, 27900.000000, 53000.000000, 73000.000000
116.139785, 268000.000000, 28000.000000, 53100.000000, 73100.000000
116.172043, 268000.000000, 28100.000000, 53200.000000, 73200.000000
116.204301, 268000.000000, 28100.000000, 53300.000000, 73300.000000
116.236559, 268000.000000, 28200.000000, 53400.000000, 73400.000000
116.268817, 268000.000000, 28300.000000, 53500.000000, 73500.000000
116.301075, 268000.000000, 28400.000000, 53600.000000, 73600.000000
116.333333, 268000.000000, 28500.000000, 53700.000000, 73700.000000
116.365591, 268000.000000, 28600.000000, 53800.000000, 73800.000000
116.397849, 268000.000000, 28600.000000, 53900.000000, 73900.000000
116.430108, 268000.000000, 28700.000000, 54000.000000, 74000.000000
116.462366, 268000.000000, 28800.000000, 54100.000000, 74100.000000
116.494624, 268000.000000, 28900.000000, 54200.000000, 74200.000000
116.526882, 268000.000000, 29000.000000, 54300.000000, 74300.000000
116.559140, 268000.000000, 29100.000000, 54400.000000, 74400.000000
116.591398, 268000.000000, 29200.000000, 54500.000000, 74500.000000
116.623656, 268000.000000, 29200.000000, 54600.000000, 74600.000000
116.655914, 268000.000000, 29300.000000, 54700.000000, 74700.000000
116.688172, 268000.000000, 29400.000000, 54800.000000, 74800.000000
116.720430, 268000.000000, 29500.000000, 54900.000000, 74900.000000
116.752688, 268000.000000, 29600.000000, 55000.000000, 75000.000000
116.784946, 268000.000000, 29700.000000, 55100.000000, 75100.000000
116.817204, 268000.000000, 29800.000000, 55200.000000, 75200.000000
116.849462, 268000.000000, 29800.000000, 55300.000000, 75300.000000
116.881720, 268000.000000, 29900.000000, 55400.000000, 75400.000000
116.913978, 268000.000000, 30000.000000, 55500.000000, 75500.000000
116.946237, 268000.000000, 30100.000000, 55600.000000, 75600.000000
116.978495, 268000.000000, 30200.000000, 55700.000000, 75700.000000
117.010753, 268000.000000, 30300.000000, 55800.000000, 75800.000000
117.043011, 268000.000000, 30300.000000, 55900.000000, 75900.000000
117.075269, 268000.000000, 30400.000000, 56000.000000, 76000.000000
117.107527, 268000.000000, 30500.000000, 56100.000000, 76100.000000
117.139785, 268000.000000, 30600.000000, 56200.000000, 76200.000000
117.172043, 268000.000000, 30700.000000, 56300.000000, 76300.000000
117.204301, 268000.000000, 30800.000000, 56400.000000, 76400.000000
117.236559, 268000.000000, 30900.000000, 56500.000000, 76500.000000
117.268817, 268000.000000, 30900.000000, 56600.000000, 76600.000000
117.301075, 268000.000000, 31000.000000, 56700.000000, 76700.000000
117.333333, 268000.000000, 31100.000000, 56800.000000, 76800.000000
117.365591, 268000.000000, 31200.000000, 56900.000000, 76900.000000
117.397849, 268000.000000, 31300.000000, 57000.000000, 77000.000000
117.430108, 268000.000000, 31400.000000, 57100.000000, 77100.000000
117.462366, 268000.000000, 31500.000000, 57200.000000, 77200.000000
117.494624, 268000.000000, 31500.000000, 57300.000000, 77300.000000
117.526882, 268000.000000, 31600.000000, 57400.000000, 77400.000000
117.559140, 268000.000000, 31700.000000, 57500.000000, 77500.000000
117.591398, 268000.000000, 31800.000000, 57600.000000, 77600.000000
117.623656, 268000.000000, 31900.000000, 57700.000000, 77700.000000
117.655914, 268000.000000, 32000.000000, 57800.000000, 77800.000000
117.688172, 268000.000000, 32000.000000, 57900.000000, 77900.000000
117.720430, 268000.000000, 32100.000000, 58000.000000, 78000.000000
117.752688, 268000.000000, 32200.000000, 58100.000000, 78100.000000
117.784946, 268000.000000, 32300.000000, 58200.000000, 78200.000000
117.817204, 268000.000000, 32400.000000, 58300.000000, 78300.000000
117.849462, 268000.000000, 32500.000000, 58400.000000, 78400.000000
117.881720, 268000.000000, 32600.000000, 58500.000000, 78500.000000
117.913978, 268000.000000, 32600.000000, 58600.000000, 78600.000000
117.946237, 268000.000000, 32700.000000, 58700.000000, 78700.000000
117.978495, 268000.000000, 32800.000000, 58800.000000, 78800.000000
118.010753, 268000.000000, 32900.000000, 58900.000000, 78900.000000
118.043011, 268000.000000, 33000.000000, 59000.000000, 79000.000000
118.075269, 268000.000000, 33100.000000, 59100.000000, 79100.000000
118.107527, 268000.000000, 33200.000000, 59200.000000, 79200.000000
118.139785, 268000.000000, 33200.000000, 59300.000000, 79300.000000
118.172043, 268000.000000, 33300.000000, 59400.000000, 79400.000000
118.204301, 268000.000000, 33400.000000, 59500.000000, 79500.000000
118.236559, 268000.000000, 33500.000000, 59600.000000, 79600.000000
118.268817, 268000.000000, 33600.000000, 59700.000000, 79700.000000
118.301075, 268000.000000, 33700.000000, 59800.000000, 79800.000000
118.333333, 268000.000000, 33700.000000, 59900.000000, 79900.000000
118.365591, 268000.000000, 33800.000000, 60000.000000, 80000.000000
118.365591, 268000.000000, 33800.000000, 60000.000000, 60000.000000
124.817204, 268000.000000, 30800.000000, 60000.000000, 80000.000000
152.817204, 268000.000000, 17800.000000, 60000.000000, 80000.000000
152.849462, 268000.000000, 17900.000000, 60100.000000, 80100.000000
152.881720, 268000.000000, 18000.000000, 60200.000000, 80200.000000
152.913978, 268000.000000, 18100.000000, 60300.000000, 80300.000000
152.946237, 268000.000000, 18200.000000, 60400.000000, 80400.000000
152.978495, 268000.000000, 18200.000000, 60500.000000, 80500.000000
153.010753, 268000.000000, 18300.000000, 60600.000000, 80600.000000
153.043011, 268000.000000, 18400.000000, 60700.000000, 80700.000000
153.075269, 268000.000000, 18500.000000, 60800.000000, 80800.000000
153.107527, 268000.000000, 18600.000000, 60900.000000, 80900.000000
153.139785, 268000.000000, 18700.000000, 61000.000000, 81000.000000
153.172043, 268000.000000, 18700.000000, 61100.000000, 81100.000000
153.204301, 268000.000000, 18800.000000, 61200.000000, 81200.000000
153.236559, 268000.000000, 18900.000000, 61300.000000, 81300.000000
153.268817, 268000.000000, 19000.000000, 61400.000000, 81400.000000
153.301075, 268000.000000, 19100.000000, 61500.000000, 81500.000000
153.333333, 268000.000000, 19200.000000, 61600.000000, 81600.000000
153.365591, 268000.000000, 19300.000000, 61700.000000, 81700.000000
153.397849, 268000.000000, 19300.000000, 61800.000000, 81800.000000
153.430108, 268000.000000, 19400.000000, 61900.000000, 81900.000000
153.462366, 268000.000000, 19500.000000, 62000.000000, 82000.000000
153.494624, 268000.000000, 19600.000000, 62100.000000, 82100.000000
153.526882, 268000.000000, 19700.000000, 62200.000000, 82200.000000
153.559140, 268000.000000, 19800.000000, 62300.000000, 82300.000000
153.591398, 268000.000000, 19900.000000, 62400.000000, 82400.000000
153.623656, 268000.000000, 19900.000000, 62500.000000, 82500.000000
153.655914, 268000.000000, 20000.000000, 62600.000000, 82600.000000
153.688172, 268000.000000, 20100.000000, 62700.000000, 82700.000000
153.720430, 268000.000000, 20200.000000, 62800.000000, 82800.000000
153.752688, 268000.000000, 20300.000000, 62900.000000, 82900.000000
153.784946, 268000.000000, 20400.000000, 63000.000000, 83000.000000
153.817204, 268000.000000, 20400.000000, 63100.000000, 83100.000000
153.849462, 268000.000000, 20500.000000, 63200.000000, 83200.000000
153.881720, 268000.000000, 20600.000000, 63300.000000, 83300.000000
153.913978, 268000.000000, 20700.000000, 63400.000000, 83400.000000
153.946237, 268000.000000, 20800.000000, 63500.000000, 83500.000000
153.978495, 268000.000000, 20900.000000, 63600.000000, 83600.000000
154.010753, 268000.000000, 21000.000000, 63700.000000, 83700.000000
154.043011, 268000.000000, 21000.000000, 63800.000000, 83800.000000
154.075269, 268000.000000, 21100.000000, 63900.000000, 83900.000000
154.107527, 268000.000000, 21200.000000, 64000.000000, 84000.000000
154.139785, 268000.000000, 21300.000000, 64100.000000, 84100.000000
154.172043, 268000.000000, 21400.000000, 64200.000000, 84200.000000
154.204301, 268000.000000, 21500.000000, 64300.000000, 84300.000000
154.236559, 268000.000000, 21600.000000, 64400.000000, 84400.000000
154.268817, 268000.000000, 21600.000000, 64500.000000, 84500.000000
154.301075, 268000.000000, 21700.000000, 64600.000000, 84600.000000
154.333333, 268000.000000, 21800.000000, 64700.000000, 84700.000000
154.365591, 268000.000000, 21900.000000, 64800.000000, 84800.000000
154.397849, 268000.000000, 22000.000000, 64900.000000, 84900.000000
154.430108, 268000.000000, 22100.000000, 65000.000000, 85000.000000
154.462366, 268000.000000, 22100.000000, 65100.000000, 85100.000000
154.494624, 268000.000000, 22200.000000, 65200.000000, 85200.000000
154.526882, 268000.000000, 22300.000000, 65300.000000, 85300.000000
154.559140, 268000.000000, 22400.000000, 65400.000000, 85400.000000
154.591398, 268000.000000, 22500.000000, 65500.000000, 85500.000000
154.623656, 268000.000000, 22600.000000, 65600.000000, 85600.000000
154.655914, 268000.000000, 22700.000000, 65700.000000, 85700.000000
154.688172, 268000.000000, 22700.000000, 65800.000000, 85800.000000
154.720430, 268000.000000, 22800.000000, 65900.000000, 85900.000000
154.752688, 268000.000000, 22900.000000, 66000.000000, 86000.000000
154.784946, 268000.000000, 23000.000000, 66100.000000, 86100.000000
154.817204, 268000.000000, 23100.000000, 66200.000000, 86200.000000
154.849462, 268000.000000, 23200.000000, 66300.000000, 86300.000000
154.881720, 268000.000000, 23300.000000, 66400.000000, 86400.000000
154.913978, 268000.000000, 23300.000000, 66500.000000, 86500.000000
154.946237, 268000.000000, 23400.000000, 66600.000000, 86600.000000
154.978495, 268000.000000, 23500.000000, 66700.000000, 86700.000000
155.010753, 268000.000000, 23600.000000, 66800.000000, 86800.000000
155.043011, 268000.000000, 23700.000000, 66900.000000, 86900.000000
155.075269, 268000.000000, 23800.000000, 67000.000000, 87000.000000
155.107527, 268000.000000, 23800.000000, 67100.000000, 87100.000000
155.139785, 268000.000000, 23900.000000, 67200.000000, 87200.000000
155.172043, 268000.000000, 24000.000000, 67300.000000, 87300.000000
155.204301, 268000.000000, 24100.000000, 67400.000000, 87400.000000
155.236559, 268000.000000, 24200.000000, 67500.000000, 87500.000000
155.268817, 268000.000000, 24300.000000, 67600.000000, 87600.000000
155.301075, 268000.000000, 24400.000000, 67700.000000, 87700.000000
155.333333, 268000.000000, 24400.000000, 67800.000000, 87800.000000
155.365591, 268000.000000, 24500.000000, 67900.000000, 87900.000000
155.397849, 268000.000000, 24600.000000, 68000.000000, 88000.000000
155.430108, 268000.000000, 24700.000000, 68100.000000, 88100.000000
155.462366, 268000.000000, 24800.000000, 68200.000000, 88200.000000
155.494624, 268000.000000, 24900.000000, 68300.000000, 88300.000000
155.526882, 268000.000000, 25000.000000, 68400.000000, 88400.000000
155.559140, 268000.000000, 25000.000000, 68500.000000, 88500.000000
155.591398, 268000.000000, 25100.000000, 68600.000000, 88600.000000
155.623656, 268000.000000, 25200.000000, 68700.000000, 88700.000000
155.655914, 268000.000000, 25300.000000, 68800.000000, 88800.000000
155.688172, 268000.000000, 25400.000000, 68900.000000, 88900.000000
155.720430, 268000.000000, 25500.000000, 69000.000000, 89000.000000
155.752688, 268000.000000, 25500.000000, 69100.000000, 89100.000000
155.784946, 268000.000000, 25600.000000, 69200.000000, 89200.000000
155.817204, 268000.000000, 25700.000000, 69300.000000, 89300.000000
155.849462, 268000.000000, 25800.000000, 69400.000000, 89400.000000
155.881720, 268000.000000, 25900.000000, 69500.000000, 89500.000000
155.913978, 268000.000000, 26000.000000, 69600.000000, 89600.000000
155.946237, 268000.000000, 26100.000000, 69700.000000, 89700.000000
155.978495, 268000.000000, 26100.000000, 69800.000000, 89800.000000
156.010753, 268000.000000, 26200.000000, 69900.000000, 89900.000000
156.043011, 268000.000000, 26300.000000, 70000.000000, 90000.000000
156.075269, 268000.000000, 26400.000000, 70100.000000, 90100.000000
156.107527, 268000.000000, 26500.000000, 70200.000000, 90200.000000
156.139785, 268000.000000, 26600.000000, 70300.000000, 90300.000000
156.172043, 268000.000000, 26700.000000, 70400.000000, 90400.000000
156.204301, 268000.000000, 26700.000000, 70500.000000, 90500.000000
156.236559, 268000.000000, 26800.000000, 70600.000000, 90600.000000
156.268817, 268000.000000, 26900.000000, 70700.000000, 90700.000000
156.301075, 268000.000000, 27000.000000, 70800.000000, 90800.000000
156.333333, 268000.000000, 27100.000000, 70900.000000, 90900.000000
156.365591, 268000.000000, 27200.000000, 71000.000000, 91000.000000
156.397849, 268000.000000, 27200.000000, 71100.000000, 91100.000000
156.430108, 268000.000000, 27300.000000, 71200.000000, 91200.000000
156.462366, 268000.000000, 27400.000000, 71300.000000, 91300.000000
156.494624, 268000.000000, 27500.000000, 71400.000000, 91400.000000
156.526882, 268000.000000, 27600.000000, 71500.000000, 91500.000000
156.559140, 268000.000000, 27700.000000, 71600.000000, 91600.000000
156.591398, 268000.000000, 27800.000000, 71700.000000, 91700.000000
156.623656, 268000.000000, 27800.000000, 71800.000000, 91800.000000
156.655914, 268000.000000, 27900.000000, 71900.000000, 91900.000000
156.688172, 268000.000000, 28000.000000, 72000.000000, 92000.000000
156.720430, 268000.000000, 28100.000000, 72100.000000, 92100.000000
156.752688, 268000.000000, 28200.000000, 72200.000000, 92200.000000
156.784946, 268000.000000, 28300.000000, 72300.000000, 92300.000000
156.817204, 268000.000000, 28400.000000, 72400.000000, 92400.000000
156.849462, 268000.000000, 28400.000000, 72500.000000, 92500.000000
156.881720, 268000.000000, 28500.000000, 72600.000000, 92600.000000
156.913978, 268000.000000, 28600.000000, 72700.000000, 92700.000000
156.946237, 268000.000000, 28700.000000, 72800.000000, 92800.000000
156.978495, 268000.000000, 28800.000000, 72900.000000, 92900.000000
157.010753, 268000.000000, 28900.000000, 73000.000000, 93000.000000
157.043011, 268000.000000, 28900.000000, 73100.000000, 93100.000000
157.075269, 268000.000000, 29000.000000, 73200.000000, 93200.000000
157.107527, 268000.000000, 29100.000000, 73300.000000, 93300.000000
157.139785, 268000.000000, 29200.000000, 73400.000000, 93400.000000
157.172043, 268000.000000, 29300.000000, 73500.000000, 93500.000000
157.204301, 268000.000000, 29400.000000, 73600.000000, 93600.000000
157.236559, 268000.000000, 29500.000000, 73700.000000, 93700.000000
157.268817, 268000.000000, 29500.000000, 73800.000000, 93800.000000
157.301075, 268000.000000, 29600.000000, 73900.000000, 93900.000000
157.333333, 268000.000000, 29700.000000, 74000.000000, 94000.000000
157.365591, 268000.000000, 29800.000000, 74100.000000, 94100.000000
157.397849, 268000.000000, 29900.000000, 74200.000000, 94200.000000
157.430108, 268000.000000, 30000.000000, 74300.000000, 94300.000000
157.462366, 268000.000000, 30100.000000, 74400.000000, 94400.000000
157.494624, 268000.000000, 30100.000000, 74500.000000, 94500.000000
157.526882, 268000.000000, 30200.000000, 74600.000000, 94600.000000
157.559140, 268000.000000, 30300.000000, 74700.000000, 94700.000000
157.591398, 268000.000000, 30400.000000, 74800.000000, 94800.000000
157.623656, 268000.000000, 30500.000000, 74900.000000, 94900.000000
157.655914, 268000.000000, 30600.000000, 75000.000000, 95000.000000
157.688172, 268000.000000, 30600.000000, 75100.000000, 95100.000000
157.720430, 268000.000000, 30700.000000, 75200.000000, 95200.000000
157.752688, 268000.000000, 30800.000000, 75300.000000, 95300.000000
157.784946, 268000.000000, 30900.000000, 75400.000000, 95400.000000
157.817204, 268000.000000, 31000.000000, 75500.000000, 95500.000000
157.849462, 268000.000000, 31100.000000, 75600.000000, 95600.000000
157.881720, 268000.000000, 31200.000000, 75700.000000, 95700.000000
157.913978, 268000.000000, 31200.000000, 75800.000000, 95800.000000
157.946237, 268000.000000, 31300.000000, 75900.000000, 95900.000000
157.978495, 268000.000000, 31400.000000, 76000.000000, 96000.000000
158.010753, 268000.000000, 31500.000000, 76100.000000, 96100.000000
158.043011, 268000.000000, 31600.000000, 76200.000000, 96200.000000
158.075269, 268000.000000, 31700.000000, 76300.000000, 96300.000000
158.107527, 268000.000000, 31800.000000, 76400.000000, 96400.000000
158.139785, 268000.000000, 31800.000000, 76500.000000, 96500.000000
158.172043, 268000.000000, 31900.000000, 76600.000000, 96600.000000
158.204301, 268000.000000, 32000.000000, 76700.000000, 96700.000000
158.236559, 268000.000000, 32100.000000, 76800.000000, 96800.000000
158.268817, 268000.000000, 32200.000000, 76900.000000, 96900.000000
158.301075, 268000.000000, 32300.000000, 77000.000000, 97000.000000
158.333333, 268000.000000, 32300.000000, 77100.000000, 97100.000000
158.365591, 268000.000000, 32400.000000, 77200.000000, 97200.000000
158.397849, 268000.000000, 32500.000000, 77300.000000, 97300.000000
158.430108, 268000.000000, 32600.000000, 77400.000000, 97400.000000
158.462366, 268000.000000, 32700.000000, 77500.000000, 97500.000000
158.494624, 268000.000000, 32800.000000, 77600.000000, 97600.000000
158.526882, 268000.000000, 32900.000000, 77700.000000, 97700.000000
158.559140, 268000.000000, 32900.000000, 77800.000000, 97800.000000
158.591398, 268000.000000, 33000.000000, 77900.000000, 97900.000000
158.623656, 268000.000000, 33100.000000, 78000.000000, 98000.000000
158.655914, 268000.000000, 33200.000000, 78100.000000, 98100.000000
158.688172, 268000.000000, 33300.000000, 78200.000000, 98200.000000
158.720430, 268000.000000, 33400.000000, 78300.000000, 98300.000000
158.752688, 268000.000000, 33500.000000, 78400.000000, 98400.000000
158.784946, 268000.000000, 33500.000000, 78500.000000, 98500.000000
158.817204, 268000.000000, 33600.000000, 78600.000000, 98600.000000
158.849462, 268000.000000, 33700.000000, 78700.000000, 98700.000000
158.881720, 268000.000000, 33800.000000, 78800.000000, 98800.000000
158.913978, 268000.000000, 33900.000000, 78900.000000, 98900.000000
158.946237, 268000.000000, 34000.000000, 79000.000000, 99000.000000
158.978495, 268000.000000, 34000.000000, 79100.000000, 99100.000000
159.010753, 268000.000000, 34100.000000, 79200.000000, 99200.000000
159.043011, 268000.000000, 34200.000000, 79300.000000, 99300.000000
159.075269, 268000.000000, 34300.000000, 79400.000000, 99400.000000
159.107527, 268000.000000, 34400.000000, 79500.000000, 99500.000000
159.139785, 268000.000000, 34500.000000, 79600.000000, 99600.000000
159.172043, 268000.000000, 34600.000000, 79700.000000, 99700.000000
159.204301, 268000.000000, 34600.000000, 79800.000000, 99800.000000
159.236559, 268000.000000, 34700.000000, 79900.000000, 99900.000000
159.268817, 268000.000000, 34800.000000, 80000.000000, 100000.000000
